Ubar,Mu_true,Mu_pred,Abs_Diff
10.0,13.666666666666666,16.630000000000003,2.9633333333333365
15.0,18.707142857142856,28.192857142857147,9.485714285714291
20.0,25.135714285714283,29.55,4.414285714285718
25.0,25.100000000000005,30.290000000000003,5.189999999999998
